{"js_ss": [0.0013469441878168652, 0.002740183204624771], "fatcat": [1.0850265258506334e-06, 1.828373013626007e-05]}