{"js_ss": [0.0013469441878168652, 0.002740183204624771], "fatcat": [0.30985458047405784, 0.27017972641582993]}