{"js_ss": [0.009788597391749138, 0.04612244796262263], "fatcat": [0.0134952275739062, 0.1009298762024608]}