{
    "loss": 0.1881,
    "learning_rate": 7.635220125786164e-05,
    "epoch": 0.16,
    "step": 632,
    "eval_loss": 1.1643693447113037,
    "eval_runtime": 15.5029,
    "eval_samples_per_second": 64.504,
    "eval_steps_per_second": 0.516,
    "train_runtime": 39481.5922,
    "train_samples_per_second": 50.136,
    "train_steps_per_second": 0.045,
    "train_loss": 0.8199769622270712
}
