{
    "loss": 0.1891,
    "learning_rate": 8.089887640449438e-05,
    "epoch": 0.14,
    "step": 584,
    "eval_loss": 1.3021336793899536,
    "eval_runtime": 32.9306,
    "eval_samples_per_second": 73.64,
    "eval_steps_per_second": 0.547,
    "train_runtime": 37463.1483,
    "train_samples_per_second": 56.169,
    "train_steps_per_second": 0.05,
    "train_loss": 0.8821905997168061
}
