{
    "loss": 0.247,
    "learning_rate": 9.154285714285715e-05,
    "epoch": 0.09,
    "step": 392,
    "eval_loss": 1.5650230646133423,
    "eval_runtime": 23.913,
    "eval_samples_per_second": 74.562,
    "eval_steps_per_second": 0.544,
    "train_runtime": 23212.6524,
    "train_samples_per_second": 93.858,
    "train_steps_per_second": 0.084,
    "train_loss": 1.2174463719998434
}
