{
    "loss": 1.1623,
    "learning_rate": 9.067357512953368e-05,
    "epoch": 0.05,
    "step": 200,
    "eval_loss": 1.8082537651062012,
    "eval_runtime": 8.5522,
    "eval_samples_per_second": 65.831,
    "eval_steps_per_second": 0.935,
    "train_runtime": 19310.0993,
    "train_samples_per_second": 111.65,
    "train_steps_per_second": 0.1,
    "train_loss": 2.591102556501116
}
