{
    "loss": 0.1885,
    "learning_rate": 7.208303507516106e-05,
    "epoch": 0.18,
    "step": 637,
    "eval_loss": 1.2453714609146118,
    "eval_runtime": 16.7594,
    "eval_samples_per_second": 144.993,
    "eval_steps_per_second": 0.955,
    "train_runtime": 31572.8134,
    "train_samples_per_second": 55.086,
    "train_steps_per_second": 0.049,
    "train_loss": 0.7965406170421905
}
