{"enh1": {"e": 1.17526, "s_cov": 0.23444976076555024, "q_cov": 0.896551724137931}, "lovd": {"e": null, "s_cov": null, "q_cov": null}, "lipa": {"e": null, "s_cov": null, "q_cov": null}}