{"e": 0.321497, "s_cov": 0.23444976076555024, "q_cov": 0.896551724137931}