{"wt": [-2.3415768651506386, 0.07039356851323902], "trans": [-2.3605543743488373, 0.04831407537611501]}