{"consensus-hd": [-2.5816726707033424, 0.05701624801654463], "uvf": [-1.926106974638744, 0.16804936010860447], "uvf-tails": [-1.8328835516294715, 0.22539640744964942]}