{"enh": [-136.62218163298962, 3.0755575919729043], "consensus-hd": [-147.15534223009053, 3.249926136943044]}