{"enh": [-2.3555548557412003, 0.053026855034015594], "consensus-hd": [-2.5816726707033424, 0.05701624801654463]}