{"score": {"Sa": [-2.2937783055210486, 0.03350066804782149], "Sa2": [-2.0205430629983043, 0.09526555869808866], "Sa3": [-2.2883653805660527, 0.033709616143706676], "Ba": [-2.4903481498670827, 0.04265775946855854], "T1": [-2.407760918043017, 0.045601694220751283], "A": [-2.165295517772789, 0.030877482991004488]}, "spearman": -0.4285714285714286, "p": 0.3965014577259474}