{
    "meso_0": [
        -2.7588447893273416,
        0.030266297619645558
    ],
    "meso_1": [
        -2.638528647939591,
        0.0194833865509087
    ],
    "meso_2": [
        -2.7453439511264124,
        0.02537205669764132
    ],
    "meso_3": [
        -2.767499329027865,
        0.029201674063421727
    ],
    "meso_4": [
        -2.232223971165169,
        0.08266339683404159
    ],
    "meso_5": [
        -2.3833367607660327,
        0.03457204386156655
    ],
    "meso_6": [
        -2.5916607482918534,
        0.03180038882681931
    ],
    "meso_7": [
        -2.6514149738710313,
        0.026792424526449636
    ],
    "meso_8": [
        -2.3929427726705383,
        0.04391123985872258
    ],
    "meso_9": [
        -0.8728775482256098,
        0.09835638962279412
    ],
    "meso_10": [
        -2.1721181059306676,
        0.04988744103948019
    ],
    "meso_11": [
        -2.1821201812274964,
        0.03606394241659327
    ],
    "meso_12": [
        -2.614165592451761,
        0.041143820985844834
    ],
    "meso_13": [
        -2.5688142612803966,
        0.020735037731325727
    ],
    "meso_14": [
        -2.6288158742516767,
        0.02505253324770615
    ],
    "meso_15": [
        -2.6696055441366227,
        0.044055381504203066
    ],
    "meso_16": [
        -1.6381205033552444,
        0.06604904104600727
    ],
    "meso_17": [
        -2.1322772411523574,
        0.051628598551468466
    ],
    "meso_18": [
        -2.6545931858836513,
        0.024188299614149613
    ],
    "meso_19": [
        -2.5895088625079548,
        0.03562194681118886
    ],
    "meso_20": [
        -2.4118369977818683,
        0.034480691000285314
    ],
    "meso_21": [
        -2.4374973432819527,
        0.01651148214724676
    ],
    "meso_22": [
        -2.648142320877498,
        0.022255771232977423
    ],
    "meso_23": [
        -2.782877589895644,
        0.03599373445411485
    ],
    "meso_24": [
        -2.1255566852176684,
        0.17060795162533837
    ],
    "meso_25": [
        -2.5318057654931443,
        0.01513693199124567
    ],
    "meso_26": [
        -3.005185040006141,
        0.1446822130623682
    ],
    "meso_27": [
        -2.6175672255014932,
        0.0505304257970537
    ],
    "meso_28": [
        -2.6829053867069996,
        0.042694942062459044
    ],
    "meso_29": [
        -2.650611453483665,
        0.04740470672760614
    ],
    "thermo_0": [
        -2.866140041488167,
        0.0390885007694649
    ],
    "thermo_1": [
        -2.3058082329460734,
        0.036615062325603756
    ],
    "thermo_2": [
        -2.9260109570111927,
        0.014462838483182418
    ],
    "thermo_3": [
        -2.8486336823153184,
        0.021955238154062275
    ],
    "thermo_4": [
        -2.6524014036228083,
        0.031743763692815355
    ],
    "thermo_5": [
        -2.294419014156658,
        0.029787808717022905
    ],
    "thermo_6": [
        -2.637011098761965,
        0.02343187411097798
    ],
    "thermo_7": [
        -2.8081461029634216,
        0.03610071257311805
    ],
    "thermo_8": [
        -2.3206897535411195,
        0.07408751766621136
    ],
    "thermo_9": [
        -0.9648441702662306,
        0.05508957864225592
    ],
    "thermo_10": [
        -2.5062079266045836,
        0.10046508640725231
    ],
    "thermo_11": [
        -2.364178153772246,
        0.03463126873578971
    ],
    "thermo_12": [
        -2.733930470305266,
        0.035427160463041826
    ],
    "thermo_13": [
        -2.637011098761965,
        0.02343187411097798
    ],
    "thermo_14": [
        -2.637153159269354,
        0.018948160159877225
    ],
    "thermo_15": [
        -2.7388131040739165,
        0.02378874549782386
    ],
    "thermo_16": [
        -1.8112090117635928,
        0.09552333273283062
    ],
    "thermo_17": [
        -2.2534082166562057,
        0.015086391844719204
    ],
    "thermo_18": [
        -2.6515683919883055,
        0.025260813409949002
    ],
    "thermo_19": [
        -2.8182769041519435,
        0.017418032206736798
    ],
    "thermo_20": [
        -2.637153159269354,
        0.018948160159877225
    ],
    "thermo_21": [
        -2.3944561192924576,
        0.01386819249755701
    ],
    "thermo_22": [
        -2.8725027900952185,
        0.023457883190094682
    ],
    "thermo_23": [
        -2.996105317767432,
        0.020831194135530567
    ],
    "thermo_24": [
        -2.094948689377287,
        0.05699996316282194
    ],
    "thermo_25": [
        -2.863253425919047,
        0.023978626387640756
    ],
    "thermo_26": [
        -2.7835000486913133,
        0.023998126017394438
    ],
    "thermo_27": [
        -2.8358446011747542,
        0.019520235335720695
    ],
    "thermo_28": [
        -2.8358446011747542,
        0.019520235335720695
    ],
    "thermo_29": [
        -2.8358446011747542,
        0.019520235335720695
    ],
    "trans_0": [
        -2.970316779295914,
        0.024581731885964995
    ],
    "trans_1": [
        -2.655872553629765,
        0.050105133332751975
    ],
    "trans_2": [
        -2.9229553534037724,
        0.02202670556981148
    ],
    "trans_3": [
        -3.0112744947543546,
        0.02256750852350023
    ],
    "trans_4": [
        -2.808858023803561,
        0.018577933321311378
    ],
    "trans_5": [
        -2.482877177899858,
        0.0418511229317233
    ],
    "trans_6": [
        -2.6140633192198273,
        0.024427821786189456
    ],
    "trans_7": [
        -2.7240590745332813,
        0.04499355104919609
    ],
    "trans_8": [
        -2.347245997289995,
        0.05398355900523959
    ],
    "trans_9": [
        -0.9344163011211866,
        0.059342389549266246
    ],
    "trans_10": [
        -2.160599114034556,
        0.29799970544363646
    ],
    "trans_11": [
        -1.328945699630433,
        0.2482227838316078
    ],
    "trans_12": [
        -2.5293097885993974,
        0.05530649207553526
    ],
    "trans_13": [
        -2.623507894464199,
        0.03074534231486305
    ],
    "trans_14": [
        -2.9801025291581973,
        0.023503761189584603
    ],
    "trans_15": [
        -2.7529018066697732,
        0.02447797419760831
    ],
    "trans_16": [
        -1.7919662269557548,
        0.22918834220925074
    ],
    "trans_17": [
        -2.324975190106347,
        0.019515930513330088
    ],
    "trans_18": [
        -2.729235482253952,
        0.02307124667317822
    ],
    "trans_19": [
        -2.8356942369060163,
        0.03503358401338252
    ],
    "trans_20": [
        -2.6575736404797534,
        0.01080429333904817
    ],
    "trans_21": [
        -2.6450705263566427,
        0.04392990862072063
    ],
    "trans_22": [
        -2.84075243901227,
        0.029789510045625564
    ],
    "trans_23": [
        -2.992696781856547,
        0.027327398716873123
    ],
    "trans_24": [
        -2.060286772601661,
        0.07734246185349734
    ],
    "trans_25": [
        -2.5262444735355762,
        0.018118596788121357
    ],
    "trans_26": [
        -2.8108217008126095,
        0.022087590372011984
    ],
    "trans_27": [
        -2.809357461277962,
        0.06259527952856755
    ],
    "trans_28": [
        -2.6131644052676304,
        0.09672839881915825
    ],
    "trans_29": [
        -2.7398468536255702,
        0.02874116340934044
    ]
}