{
    "meso_0": [
        -510.9825294506668,
        4.568631109943226
    ],
    "meso_1": [
        -282.8210576457263,
        0.37310307196253234
    ],
    "thermo_0": [
        -544.4764166430903,
        3.5967204478156987
    ],
    "thermo_1": [
        -250.91691294400556,
        0.47586157073074276
    ],
    "trans_0": [
        -544.13973862166,
        5.942806395184618
    ],
    "trans_1": [
        -287.04387773876795,
        1.7391355120373646
    ]
}