{"wt": [-135.9290148284523, 3.4512523266985666], "add_good_helix": [-146.7699843225947, 2.484754138472592], "add_many_helix": [-188.63217296423997, 6.025202936378455], "add_bad_helix": [-141.26355084338186, 2.9331270925968806]}