step	eval_loss
6	11.922722816467285
13	11.51241397857666
20	10.144965171813965
27	5.677422046661377
34	2.4690611362457275
41	2.078746795654297
48	1.9940437078475952
55	1.9369523525238037
62	1.9052307605743408
69	1.8862440586090088
76	1.873626470565796
83	1.862471580505371
90	1.8518493175506592
97	1.8462207317352295
104	1.839399814605713
111	1.8335421085357666
118	1.8287831544876099
125	1.8249872922897339
132	1.8181101083755493
139	1.8156152963638306
146	1.815830111503601
153	1.8107867240905762
