step	eval_loss
63	0.7873671650886536
127	0.31749415397644043
191	0.18487109243869781
255	0.12865234911441803
319	0.10200829803943634
383	0.08622509986162186
447	0.07653466612100601
