step	eval_loss
173	1.6075031757354736
347	1.4123270511627197
521	1.3787882328033447
695	1.3541864156723022
869	1.3554203510284424
1043	1.3429827690124512
1217	1.3503782749176025
1391	1.3363606929779053
1565	1.356248140335083
1739	1.359110713005066
