{
  "New": {
    "spearman_coef": 0.32183325388483064,
    "spearman_p": 2.11588628138216e-218,
    "auroc": 0.6122423981479029
  },
  "Original": {
    "spearman_coef": -0.016768034527282,
    "spearman_p": 0.10965961456982194,
    "auroc": 0.5013025291347248
  }
}