{"pearson_coef": 0.28901400575832614, "pearson_p": 4.670293896734481e-43, "spearman_coef": 0.3205967878373402, "spearman_p": 4.1698546948049733e-53, "frac_qualitative_sig": 0.6286221472483685}