{"lovd": {"temps": [38.5, 39.5, 44.0, 44.3, 45.0, 46.0, 52.0, 49.0, 49.3, 50.8], "scores": [0.0, -1.7846342231352177, 5.768416195356515, 10.28385920146837, 11.560601332554814, 15.913306315032823, 26.523630078307946, 22.467910635148996, 20.186244017803944, 17.10234541509284]}}