{
  "original": {
    "temperatures": [
      38.5,
      39.5,
      44.0,
      44.3,
      45.0,
      46.0,
      52.0,
      49.0,
      49.3,
      50.8
    ],
    "scores": [
      0.0,
      -18.994323695779503,
      -112.9062081064811,
      -134.18577013179666,
      -173.751525966394,
      -290.4352513447698,
      -396.07049920894536,
      -454.85826668603545,
      -497.9485341623336,
      -578.5951367674965
    ],
    "spearman": -0.9272727272727272,
    "p": 0.00011203450639397582,
    "random": [
      -190.25619694344803,
      -219.2303771656412,
      -214.7284087555191,
      -199.4984073037123,
      -218.53714937531805,
      -213.50481216018238,
      -233.83415788779413,
      -194.63392453896464,
      -220.91808502051956,
      -218.43287662825725
    ],
    "random_mean": -212.35743957793565
  },
  "new": {
    "temperatures": [
      38.5,
      39.5,
      44.0,
      44.3,
      45.0,
      46.0,
      52.0,
      49.0,
      49.3,
      50.8
    ],
    "scores": [
      0.0,
      -1.7846342231352177,
      5.768416195356515,
      10.28385920146837,
      11.560601332554814,
      15.913306315032823,
      26.523630078307946,
      22.467910635148996,
      20.186244017803944,
      17.10234541509284
    ],
    "spearman": 0.9393939393939393,
    "p": 5.484052998513666e-05,
    "random": [
      -46.3755245724553,
      -36.80330686390008,
      -28.523209203281958,
      -30.92111942891394,
      -26.978543226181834,
      -44.06408132530037,
      -45.88558775966179,
      -39.976432593982224,
      -25.854521196963653,
      -21.43537590859003
    ],
    "random_mean": -34.681770207923115
  }
}