{
    "meso_0": [
        -2.7524941059800567,
        0.03144246640934073
    ],
    "meso_1": [
        -2.6442401937554747,
        0.024188399087588023
    ],
    "meso_2": [
        -2.7543676392744385,
        0.01583931060826451
    ],
    "meso_3": [
        -2.7694498171691064,
        0.025774511437331452
    ],
    "meso_4": [
        6.508547961695257,
        42.841035669359506
    ],
    "meso_5": [
        -2.3660305009895866,
        0.028380239610320563
    ],
    "meso_6": [
        -2.5913097045513047,
        0.029114792943613892
    ],
    "meso_7": [
        -2.65194305672786,
        0.025109569243376127
    ],
    "meso_8": [
        -2.3895125511162925,
        0.03545319407948843
    ],
    "meso_9": [
        -0.9275324985121888,
        0.07656852683788792
    ],
    "meso_10": [
        -2.158364195597028,
        0.058242852838597516
    ],
    "meso_11": [
        -2.1704556121745116,
        0.0338859036811679
    ],
    "meso_12": [
        -2.6210575258874207,
        0.045228454266206454
    ],
    "meso_13": [
        -2.5684808829729047,
        0.02184460942307761
    ],
    "meso_14": [
        -2.631354716146034,
        0.02601112815666575
    ],
    "meso_15": [
        -2.692298185092597,
        0.03759954680700531
    ],
    "meso_16": [
        -1.6575186178218153,
        0.07717108204086197
    ],
    "meso_17": [
        -2.1494159856514377,
        0.029079097877944847
    ],
    "meso_18": [
        -2.6606819093021516,
        0.016140841115777117
    ],
    "meso_19": [
        -2.5801560143339044,
        0.028282467721425845
    ],
    "meso_20": [
        -2.3923287929947894,
        0.07735326667206129
    ],
    "meso_21": [
        -2.4326095282975433,
        0.02141652053516155
    ],
    "meso_22": [
        -2.645603032370181,
        0.01794049302011033
    ],
    "meso_23": [
        -2.792840512686131,
        0.030695968442347732
    ],
    "meso_24": [
        -2.163818132778952,
        0.1509972202038998
    ],
    "meso_25": [
        -2.5255072645971377,
        0.019288183459101382
    ],
    "meso_26": [
        -3.0528343367855597,
        0.032266448171969137
    ],
    "meso_27": [
        -2.5559988657812114,
        0.12460136018439391
    ],
    "meso_28": [
        -2.6835821774714455,
        0.039190891841296274
    ],
    "meso_29": [
        -2.657601426357302,
        0.03472311239307394
    ],
    "meso_30": [
        -2.431956312280178,
        0.06290080462360263
    ],
    "meso_31": [
        -2.1101668293429685,
        0.05308465923970887
    ],
    "meso_32": [
        -2.3541814472079956,
        0.0330460661555589
    ],
    "meso_33": [
        -2.7737876912120245,
        0.04010343955232424
    ],
    "meso_34": [
        -2.191838372901094,
        0.028639647704744236
    ],
    "meso_35": [
        -2.733599421943249,
        0.052407464385556955
    ],
    "meso_36": [
        -2.437472727557299,
        0.00864456407691427
    ],
    "meso_37": [
        -2.5401457210207927,
        0.026589596701551553
    ],
    "meso_38": [
        -2.7952245522352857,
        0.015989450995197243
    ],
    "meso_39": [
        -2.6533376484020086,
        0.023490584109813063
    ],
    "meso_40": [
        -1.2777829477253917,
        4.585881350771886
    ],
    "meso_41": [
        -2.6994678918951003,
        0.05716004058716911
    ],
    "meso_42": [
        -2.678512887479616,
        0.02400594650182773
    ],
    "meso_43": [
        -2.6829557535495505,
        0.022387624772677344
    ],
    "meso_44": [
        -2.256089851916271,
        0.034327150042609444
    ],
    "meso_45": [
        -2.590873884769214,
        0.018238921938169277
    ],
    "meso_46": [
        -2.838661136119507,
        0.030588584252656148
    ],
    "meso_47": [
        -2.738681042265248,
        0.02010753670865544
    ],
    "meso_48": [
        -2.9406395322729226,
        0.04253927054127483
    ],
    "meso_49": [
        -2.429248488770574,
        0.13607415477931942
    ],
    "thermo_0": [
        -2.966290868456487,
        0.029732489504297587
    ],
    "thermo_1": [
        -2.6422881468658077,
        0.037028138203730736
    ],
    "thermo_2": [
        -2.9204981597399833,
        0.021837230959328293
    ],
    "thermo_3": [
        -3.0079660847785283,
        0.019882786746747105
    ],
    "thermo_4": [
        -2.798154280855042,
        0.026114817374071033
    ],
    "thermo_5": [
        -2.5036835288436445,
        0.04938074964259522
    ],
    "thermo_6": [
        -2.614651349210705,
        0.022981894979093514
    ],
    "thermo_7": [
        -2.734641727323421,
        0.03533651055979819
    ],
    "thermo_8": [
        -2.3393684020556393,
        0.0637698430867405
    ],
    "thermo_9": [
        -0.9244781465583795,
        0.07740386354223258
    ],
    "thermo_10": [
        -2.191559198068354,
        0.08428770352611681
    ],
    "thermo_11": [
        1.108644293898177,
        11.653563804428021
    ],
    "thermo_12": [
        -2.524823226013671,
        0.05004686320772223
    ],
    "thermo_13": [
        -2.621345198410253,
        0.024264841941039353
    ],
    "thermo_14": [
        -2.989596906327095,
        0.01652972718607234
    ],
    "thermo_15": [
        -2.749924159963763,
        0.024054329711084284
    ],
    "thermo_16": [
        -1.7571847846185589,
        0.2773833368711954
    ],
    "thermo_17": [
        -2.315399726800135,
        0.02068065019628673
    ],
    "thermo_18": [
        -2.7208214915373827,
        0.027956308248975534
    ],
    "thermo_19": [
        -2.842182432224596,
        0.03021030540115948
    ],
    "thermo_20": [
        -2.6586934795139974,
        0.014720696840356363
    ],
    "thermo_21": [
        -2.6554651839033365,
        0.04074259398390582
    ],
    "thermo_22": [
        -2.830152158652864,
        0.034190205784049826
    ],
    "thermo_23": [
        -2.995286549188719,
        0.019266792413809162
    ],
    "thermo_24": [
        -2.0338507803933235,
        0.12537177894832155
    ],
    "thermo_25": [
        -2.5218752653241743,
        0.01371058357426636
    ],
    "thermo_26": [
        -2.815361334593113,
        0.020563311804339564
    ],
    "thermo_27": [
        -2.812864740375897,
        0.043404272129546846
    ],
    "thermo_28": [
        -2.6216856358516525,
        0.0798673608871374
    ],
    "thermo_29": [
        -2.747883338845055,
        0.027085562301561467
    ],
    "thermo_30": [
        -2.7925793717772565,
        0.04105642945645444
    ],
    "thermo_31": [
        -2.078395064758545,
        0.03817576562444622
    ],
    "thermo_32": [
        -2.5232953762477996,
        0.04766739613399729
    ],
    "thermo_33": [
        -2.6448302535695976,
        0.027640140959704053
    ],
    "thermo_34": [
        -2.031343614642993,
        0.0628985719900276
    ],
    "thermo_35": [
        -2.8618569308582664,
        0.07311461977195814
    ],
    "thermo_36": [
        -2.421607622335467,
        0.05729566865868805
    ],
    "thermo_37": [
        -2.8474455599927118,
        0.015094611393449607
    ],
    "thermo_38": [
        -2.8494095350251656,
        0.02231745712950956
    ],
    "thermo_39": [
        -2.571948854603114,
        0.040891253334870335
    ],
    "thermo_40": [
        -2.8389746070336224,
        0.02880344336820439
    ],
    "thermo_41": [
        -2.8063570784625456,
        0.01841549303948126
    ],
    "thermo_42": [
        -2.916533728454611,
        0.015132652539750319
    ],
    "thermo_43": [
        -2.7275410661978254,
        0.014928240355267722
    ],
    "thermo_44": [
        -2.328291528329258,
        0.3407219142029667
    ],
    "thermo_45": [
        -2.746746007905815,
        0.023727538044785605
    ],
    "thermo_46": [
        -2.7055979643361883,
        0.03238336598851137
    ],
    "thermo_47": [
        -2.843008859875861,
        0.02594294068569392
    ],