{
    "meso_0": [
        -2.443953894506648,
        0.017615079338946654
    ],
    "meso_1": [
        -2.702195995316279,
        0.022529967897150973
    ],
    "meso_2": [
        -2.455178331322442,
        0.06019906894753722
    ],
    "meso_3": [
        -2.4710367607002217,
        0.053434669924119146
    ],
    "meso_4": [
        -2.0734221759639233,
        0.11198316696219318
    ],
    "meso_5": [
        -2.5306608194066644,
        0.046234650442803914
    ],
    "meso_6": [
        -1.8726636390484377,
        0.24581035158022757
    ],
    "meso_7": [
        -2.27863164308284,
        0.03136961824505056
    ],
    "meso_8": [
        -2.328910073426542,
        0.076245736871823
    ],
    "meso_9": [
        -2.235099422678625,
        0.06336846449263699
    ],
    "meso_10": [
        -2.129680401633461,
        0.05793190483087131
    ],
    "meso_11": [
        -1.7375689450547467,
        0.3064244694316681
    ],
    "meso_12": [
        -2.4466194647707744,
        0.03622553240049842
    ],
    "meso_13": [
        -2.252230920625432,
        0.057906600059933
    ],
    "meso_14": [
        -2.7691418777022143,
        0.03708754558898037
    ],
    "meso_15": [
        -2.524904245859936,
        0.07371548756802063
    ],
    "meso_16": [
        -2.390849069849204,
        0.08432531309747246
    ],
    "meso_17": [
        -2.4374517894062366,
        0.022809377485369584
    ],
    "meso_18": [
        -1.9105053522856346,
        0.05202389335119561
    ],
    "meso_19": [
        -1.439204542862801,
        0.09652580055574381
    ],
    "meso_20": [
        -2.5995584678107,
        0.016677609636046208
    ],
    "meso_21": [
        -2.569033340471809,
        0.01747108973056637
    ],
    "meso_22": [
        -2.7972642121730797,
        0.015333315105202775
    ],
    "meso_23": [
        -2.6480250442710194,
        0.01587735889709901
    ],
    "meso_24": [
        -2.329592176179193,
        0.14918887063894823
    ],
    "meso_25": [
        -2.5133098873739677,
        0.06781886119560748
    ],
    "meso_26": [
        -1.3789890971989858,
        0.19396062702733127
    ],
    "meso_27": [
        -2.1416218772069553,
        0.02513651714074376
    ],
    "meso_28": [
        -2.1496236181483077,
        0.19348406057717388
    ],
    "meso_29": [
        -2.631908166841454,
        0.0253526923135649
    ],
    "meso_30": [
        -2.4583121071287417,
        0.018141263927686373
    ],
    "meso_31": [
        -2.0530385006483796,
        0.22148185571657059
    ],
    "meso_32": [
        -2.4142477142499037,
        0.08943724266294376
    ],
    "meso_33": [
        -2.3698747373233773,
        0.13765623137509939
    ],
    "meso_34": [
        -2.4758018970092346,
        0.13461586327051434
    ],
    "meso_35": [
        -2.612256328276228,
        0.032042608580341
    ],
    "meso_36": [
        -2.8025100879190643,
        0.034797548790393616
    ],
    "meso_37": [
        -2.3124541736608912,
        0.021281669368517487
    ],
    "meso_38": [
        -2.668624536308931,
        0.032218423936256735
    ],
    "meso_39": [
        -2.611244833400544,
        0.019865382552723774
    ],
    "meso_40": [
        -1.4045031145135911,
        0.3324444655454286
    ],
    "meso_41": [
        -2.7597050737856716,
        0.03872635853301118
    ],
    "meso_42": [
        -2.458760220570107,
        0.0994955778377768
    ],
    "meso_43": [
        -1.013810464947239,
        0.06801778598514949
    ],
    "meso_44": [
        -1.7190573571744754,
        0.11092099411928177
    ],
    "meso_45": [
        -2.4699418560505455,
        0.0244207051552706
    ],
    "meso_46": [
        -2.523517012338777,
        0.04458824634745528
    ],
    "meso_47": [
        -2.7501970000985034,
        0.024851825452595278
    ],
    "meso_48": [
        -2.634599118899579,
        0.05082487584937693
    ],
    "meso_49": [
        -2.652255702332477,
        0.0395281012902239
    ],
    "thermo_0": [
        -2.596472815086956,
        0.03017628723089466
    ],
    "thermo_1": [
        -2.6834513198643433,
        0.017618965171242836
    ],
    "thermo_2": [
        -2.5709532792110688,
        0.02063009893967342
    ],
    "thermo_3": [
        -2.6523290156400945,
        0.037251071397950815
    ],
    "thermo_4": [
        -1.9420716864665142,
        0.06828139380734732
    ],
    "thermo_5": [
        -2.7498239653817933,
        0.041284032490308924
    ],
    "thermo_6": [
        -1.917335532249477,
        0.0965168653136181
    ],
    "thermo_7": [
        -2.324385683796098,
        0.035476601084358635
    ],
    "thermo_8": [
        -1.9788150152236474,
        0.12788637761005872
    ],
    "thermo_9": [
        -2.3749386891453974,
        0.05050617722696064
    ],
    "thermo_10": [
        -2.3128120046851945,
        0.017070610352390422
    ],
    "thermo_11": [
        -2.2483815064960906,
        0.07128728487920652
    ],
    "thermo_12": [
        -2.7722906238643668,
        0.05916948658881501
    ],
    "thermo_13": [
        -1.971218219742334,
        0.12484775985725083
    ],
    "thermo_14": [
        -2.3279003979959634,
        0.0667760668509805
    ],
    "thermo_15": [
        -2.4401059864797143,
        0.15780426312704046
    ],
    "thermo_16": [
        1.7389539279401125,
        20.504223556107057
    ],
    "thermo_17": [
        -2.689549587930023,
        0.017419017778224348
    ],
    "thermo_18": [
        -1.7105557279288144,
        0.09698749190175862
    ],
    "thermo_19": [
        -1.6688275211295067,
        0.09709282744322716
    ],
    "thermo_20": [
        -2.6750509828921465,
        0.029974793525526167
    ],
    "thermo_21": [
        -2.4397782955953846,
        0.028325592884749937
    ],
    "thermo_22": [
        9.231722622177049,
        36.7046159052322
    ],
    "thermo_23": [
        -2.5833601526936896,
        0.019322259549582974
    ],
    "thermo_24": [
        -2.66502590430902,
        0.053360691272596586
    ],
    "thermo_25": [
        -2.5477683806112297,
        0.1026425629406423
    ],
    "thermo_26": [
        -1.2963178191326339,
        0.4780169132556216
    ],
    "thermo_27": [
        -2.3169633876868194,
        0.033586926337790896
    ],
    "thermo_28": [
        -2.2325071003540717,
        0.45342325806348377
    ],
    "thermo_29": [
        -2.728770650334401,
        0.02764323318226533
    ],
    "thermo_30": [
        -2.578687940669989,
        0.03794844052741697
    ],
    "thermo_31": [
        -2.23808115320426,
        0.09423021509181867
    ],
    "thermo_32": [
        -2.710814959062307,
        0.01972678868722657
    ],
    "thermo_33": [
        -2.355917866899906,
        0.04600695880265646
    ],
    "thermo_34": [
        -2.630015588773331,
        0.13147627510784912
    ],
    "thermo_35": [
        -2.8591098900763434,
        0.011042185185805251
    ],
    "thermo_36": [
        -2.902750011142122,
        0.013862420525720972
    ],
    "thermo_37": [
        -2.984694935754101,
        0.026416900414492277
    ],
    "thermo_38": [
        -2.5843476841507234,
        0.03583383841828987
    ],
    "thermo_39": [
        -2.5920155369279825,
        0.08101692974796164
    ],
    "thermo_40": [
        -1.7258989497982258,
        0.29951452283441793
    ],
    "thermo_41": [
        -2.9887556825112327,
        0.02507962223020976
    ],
    "thermo_42": [
        -2.4314802430598856,
        0.09209474543744
    ],
    "thermo_43": [
        1.8151790187060703,
        16.147338949216515
    ],
    "thermo_44": [
        -1.7230810168798036,
        0.14354216643468815
    ],
    "thermo_45": [
        -2.546102527617481,
        0.01752533016317196
    ],
    "thermo_46": [
        -2.7815763688953954,
        0.03446982084870842
    ],
    "thermo_47": [
        -2.5281858547300398,
        0.5509802985289303
    ],